iteration,t_cmd_build_us,t_cmd_serialize_us,t_cmd_parse_us,t_cmd_verify_us,t_ack_build_us,t_ack_serialize_us,t_status_build_us,t_status_serialize_us,T_coord_total_us
1,118.31,25.772,17.53,14.457,32.895,14.108,24.723,12.641,260.436
2,38.064,11.873,12.99,9.428,21.092,9.918,22.558,10.826,136.749
3,69.98,11.873,11.245,8.59,20.533,9.499,21.511,10.895,164.126
4,34.292,9.987,10.965,7.752,19.835,9.219,20.394,11.104,123.548
5,33.803,10.336,10.966,7.752,18.438,10.197,20.323,9.708,121.523
6,28.634,9.988,10.476,7.263,19.905,8.73,19.905,10.127,115.028
7,30.521,10.755,9.01,9.568,19.276,10.057,20.463,57.759,167.409
8,31.918,10.685,9.918,7.612,19.626,8.939,20.184,10.826,119.708
9,29.333,10.546,10.057,7.613,19.625,8.521,20.533,10.895,117.123
10,50.635,10.895,10.546,7.263,20.324,8.73,19.835,10.476,138.704
11,30.381,9.987,9.918,7.263,19.486,9.079,19.975,9.079,115.168
12,31.987,10.337,9.987,7.752,19.486,9.079,19.486,10.057,118.171
13,29.752,9.638,10.896,9.498,20.044,8.102,19.555,10.476,117.961
14,30.031,19.556,9.987,8.241,20.813,9.219,19.346,11.174,128.367
15,30.8,10.267,9.917,7.263,19.975,9.079,19.975,10.057,117.333
16,30.521,9.917,14.806,7.753,20.393,9.149,20.883,10.127,123.549
17,28.914,11.664,9.987,7.263,19.905,8.66,33.454,10.895,130.742
18,30.59,9.499,11.034,8.032,19.206,9.01,19.625,10.406,117.402
19,29.752,11.384,9.219,6.635,18.508,9.149,19.975,9.149,113.771
20,30.031,10.476,18.229,8.45,20.184,9.848,20.673,10.825,128.716
21,30.031,9.499,8.66,9.079,31.01,13.689,27.168,12.082,141.218
22,37.225,13.409,12.781,8.172,21.511,9.358,21.162,10.756,134.374
23,33.663,11.035,10.406,8.102,20.603,10.825,21.581,10.895,127.11
24,31.009,10.825,10.476,7.753,21.301,9.708,21.721,10.965,123.758
25,64.184,15.574,11.175,8.031,20.953,10.546,20.463,10.546,161.472
26,31.917,10.616,10.057,7.473,20.463,18.298,22.489,10.895,132.208
27,32.965,10.965,10.407,7.682,23.327,8.102,21.022,12.431,126.901
28,31.009,10.755,10.197,7.683,20.253,9.569,19.974,10.546,119.986
29,29.123,10.896,9.987,7.752,20.394,16.342,22.349,10.965,127.808
30,31.429,10.546,10.196,7.473,20.883,11.803,23.327,15.155,130.812
31,37.784,13.759,10.965,8.171,20.394,10.197,20.812,11.594,133.676
32,65.511,11.803,10.127,8.102,23.396,10.477,21.022,10.406,160.844
33,31.009,10.546,10.057,7.962,20.184,9.428,20.184,10.756,120.126
34,31.149,10.057,10.127,7.543,19.625,11.385,20.533,10.965,121.384
35,30.032,9.638,9.079,9.499,19.136,8.94,22.558,10.826,119.708
36,29.962,10.476,10.127,7.962,22.0,9.498,29.124,9.917,129.066
37,34.78,11.524,11.873,7.962,21.651,9.358,20.952,10.756,128.856
38,31.009,11.105,9.987,7.962,22.977,9.499,19.555,10.476,122.57
39,56.711,12.571,20.673,7.193,21.651,11.524,20.952,10.965,162.24
40,44.279,15.365,12.851,10.476,27.587,13.479,30.591,11.663,166.291
41,35.549,13.899,17.6,9.638,33.314,12.292,30.101,20.114,172.507
42,53.917,14.737,16.273,10.825,30.032,12.85,23.816,10.127,172.577
43,32.406,18.648,16.622,10.197,26.19,10.895,21.511,10.965,147.434
44,31.708,13.828,22.838,10.127,23.257,14.387,61.111,14.667,191.923
45,36.806,10.336,9.848,7.682,20.254,9.498,20.115,9.428,123.967
46,28.565,10.476,10.406,7.683,19.066,10.476,21.442,11.453,119.567
47,30.59,9.778,9.917,8.171,19.765,11.454,31.01,11.942,132.627
48,34.78,10.616,9.918,8.101,25.282,11.385,23.396,10.476,133.954
49,29.543,9.987,10.337,9.498,20.533,9.01,19.695,10.336,118.939
50,33.384,9.917,10.476,8.172,24.723,10.127,25.213,17.111,139.123
51,35.619,11.942,12.153,8.101,26.749,33.314,31.01,11.593,170.481
52,40.577,11.035,11.873,9.429,19.695,9.359,20.044,9.778,131.79
53,30.032,10.057,9.568,7.613,19.625,9.917,20.603,9.918,117.333
54,47.841,17.53,12.991,10.825,23.746,9.778,20.603,10.406,153.72
55,30.032,8.171,10.965,11.873,27.238,12.362,31.987,13.829,146.457
56,33.314,10.686,10.825,7.543,21.511,12.781,26.26,10.406,133.326
57,40.018,13.48,19.904,8.242,18.996,11.035,22.698,11.664,146.037
58,57.34,13.339,10.895,7.753,19.904,11.035,32.476,13.27,166.012
59,43.511,13.2,17.879,7.054,20.813,9.009,22.21,10.546,144.222
60,31.009,9.429,10.197,7.543,19.555,12.362,30.59,15.156,135.841
61,43.231,15.295,11.245,8.45,21.581,9.429,20.114,10.406,139.751
62,30.52,10.127,9.987,53.01,28.145,10.337,20.114,10.965,173.205
63,31.917,10.476,10.616,7.543,20.114,9.429,22.069,12.781,124.945
64,34.851,9.638,10.825,7.613,48.26,11.733,24.235,11.244,158.399
65,31.498,10.965,10.406,7.683,20.533,10.476,27.098,13.061,131.72
66,34.781,12.571,9.499,8.939,19.975,11.733,21.511,10.406,129.415
67,35.828,12.432,11.384,8.171,19.556,9.498,19.975,14.876,131.72
68,40.368,10.406,11.454,7.054,19.904,9.569,22.419,10.476,131.65
69,31.01,11.942,10.476,7.613,19.625,10.826,23.047,10.337,124.876
70,31.428,11.594,9.847,9.429,19.206,11.803,20.115,10.895,124.317
71,31.498,9.918,10.476,7.752,43.232,11.035,21.441,10.476,145.828
72,28.355,10.477,10.266,8.102,21.022,9.987,20.114,9.918,118.241
73,30.52,9.988,11.454,11.034,27.099,10.127,21.86,11.035,133.117
74,33.105,11.384,10.616,7.682,18.019,9.569,21.441,9.079,120.895
75,29.961,10.476,9.708,7.543,19.556,9.149,19.415,10.616,116.424
76,30.8,11.733,10.057,8.172,19.485,9.149,22.28,11.104,122.78
77,31.009,10.407,10.196,7.473,19.626,9.079,20.463,10.546,118.799
78,30.031,10.407,16.273,9.917,22.978,9.498,20.533,10.476,130.113
79,43.371,12.082,10.756,8.171,21.441,10.965,22.419,10.337,139.542
80,31.219,10.965,9.987,8.101,19.556,9.498,20.603,10.895,120.824
81,29.613,13.619,16.412,11.315,24.933,11.244,20.952,10.756,138.844
82,32.406,10.616,18.019,8.59,21.022,9.498,20.534,10.476,131.161
83,30.032,10.406,9.917,7.753,20.323,9.988,20.323,10.407,119.149
84,30.032,12.431,9.918,7.682,20.044,10.477,20.533,9.987,121.104
85,30.521,10.336,10.057,7.752,21.232,9.289,20.324,10.406,119.917
86,50.914,12.083,10.406,8.032,22.977,9.499,20.533,10.476,144.92
87,31.009,11.385,9.917,7.682,19.975,9.428,19.975,11.314,120.685
88,30.52,11.035,9.917,8.102,19.625,8.94,22.977,10.477,121.593
89,31.987,12.711,14.876,9.568,20.254,11.454,23.187,8.66,132.697
90,33.384,12.012,9.987,8.102,19.625,8.94,20.184,10.336,122.57
91,48.05,12.571,10.546,11.035,20.394,8.73,20.812,10.616,142.754
92,30.939,10.406,10.197,7.543,19.555,9.15,19.904,12.991,120.685
93,46.654,11.594,10.825,7.613,21.022,10.965,20.044,11.943,140.66
94,30.521,10.965,9.917,7.264,20.882,9.638,23.257,10.197,122.641
95,29.403,11.664,10.057,9.638,19.416,8.73,20.324,11.104,120.336
96,32.406,11.454,10.127,7.613,19.485,9.149,20.883,12.92,124.037
97,44.07,14.387,13.2,11.594,22.279,9.638,22.838,11.035,149.041
98,30.94,10.476,30.59,8.242,19.276,10.476,20.812,10.407,141.219
99,36.178,10.895,10.546,7.682,19.416,9.708,21.79,11.594,127.809
100,63.904,13.409,11.035,8.451,21.86,9.638,20.464,10.476,159.237
101,31.429,10.546,10.057,7.612,19.626,8.939,20.114,9.918,118.241
102,30.87,10.127,10.127,7.403,19.555,8.94,22.279,10.965,120.266
103,31.498,10.476,14.317,9.499,28.146,12.99,25.143,12.571,144.64
104,39.46,13.409,12.153,9.009,21.581,9.847,20.673,10.826,136.958
105,31.428,11.873,9.987,8.171,19.486,10.057,20.394,10.616,122.012
106,30.311,9.428,9.848,8.101,19.626,8.939,20.184,9.848,116.285
107,30.032,10.965,9.987,27.098,22.559,10.336,20.254,11.245,142.476
108,29.962,11.454,10.127,7.961,19.695,8.94,20.114,9.918,118.171
109,30.032,10.057,9.568,7.613,19.136,9.918,20.114,9.987,116.425
110,30.031,10.895,10.058,7.542,18.927,9.08,20.952,11.035,118.52
111,30.102,10.476,9.638,7.543,19.136,9.079,19.486,10.057,115.517
112,30.101,10.337,12.012,11.734,24.304,9.987,20.534,13.758,132.767
113,30.031,21.511,9.988,8.241,21.371,9.149,20.324,9.708,130.323
114,32.197,10.267,9.987,7.682,19.486,8.59,20.045,10.476,118.73
115,32.965,12.012,10.406,8.102,19.486,9.079,19.625,10.337,122.012
116,29.822,10.546,9.568,7.543,19.136,9.917,19.626,9.987,116.145
117,30.101,10.127,15.225,8.032,20.952,9.568,20.045,10.406,124.456
118,30.311,11.035,9.778,8.032,19.625,9.498,19.137,10.406,117.822
119,29.543,11.594,9.428,7.613,19.625,10.476,19.626,10.755,118.66
120,77.943,12.781,11.454,9.568,22.419,9.079,19.975,9.568,172.787
121,31.428,10.477,9.707,7.543,20.114,9.499,19.765,10.057,118.59
122,46.165,11.035,10.406,7.683,20.044,9.499,20.044,9.987,134.863
123,30.031,10.057,9.918,7.682,19.067,8.939,19.765,9.778,115.237
124,30.031,10.127,9.987,7.543,19.136,9.988,19.625,10.895,117.332
125,30.031,11.594,9.428,7.683,19.136,7.962,20.673,10.336,116.843
126,31.708,12.501,9.987,7.543,20.114,8.032,19.625,9.988,119.498
127,30.032,11.593,9.918,7.612,19.626,11.314,20.673,10.266,121.034
128,41.764,18.089,11.524,10.406,27.657,10.476,21.022,10.896,151.834
129,31.987,9.917,10.407,9.219,40.298,11.733,24.305,9.498,147.364
130,30.94,10.616,9.917,7.613,20.044,8.101,21.023,9.498,117.752
131,30.521,11.104,8.87,9.568,20.045,8.939,20.115,9.917,119.079
132,31.917,10.616,9.498,7.543,20.114,10.895,26.33,10.406,127.319
133,31.987,10.755,12.432,7.822,18.787,9.08,20.742,10.965,122.57
134,30.52,12.292,10.476,7.752,20.813,11.105,30.59,14.108,137.656
135,35.409,11.873,10.826,8.031,19.416,8.94,19.206,15.155,128.856
136,45.187,13.41,12.85,10.895,23.816,31.498,30.032,15.644,183.332
137,46.514,17.67,24.863,18.019,31.987,14.876,28.077,18.018,200.024
138,51.752,19.136,19.905,12.013,43.79,14.457,31.917,18.997,211.967
139,51.403,15.854,14.038,10.057,25.911,12.082,27.657,14.737,171.739
140,42.044,13.759,12.99,11.314,24.445,13.619,25.422,14.597,158.19
141,39.391,13.688,13.969,10.406,24.374,12.292,60.622,16.343,191.085
142,42.812,13.13,13.829,11.942,30.102,13.689,31.987,15.854,173.345
143,41.485,13.899,14.177,10.686,25.632,12.501,27.448,14.736,160.564
144,45.327,14.736,12.991,9.917,24.374,12.781,27.657,14.946,162.729
145,40.927,15.225,60.832,10.965,27.727,14.666,31.987,13.48,215.809
146,45.397,15.714,24.654,10.336,32.406,15.156,57.688,23.397,224.748
147,43.93,29.123,26.959,17.879,35.759,16.342,50.356,25.352,245.7
148,64.882,30.52,25.003,18.788,41.345,18.648,44.279,23.397,266.862
149,60.482,30.381,19.835,9.498,24.375,13.269,27.168,12.991,197.999
150,44.768,14.736,12.851,11.105,28.146,10.895,27.517,34.641,184.659
151,43.022,14.248,14.317,11.454,24.863,12.711,25.911,14.667,161.193
152,42.603,13.13,13.968,9.917,27.238,12.711,29.613,13.968,163.148
153,42.393,14.806,15.226,11.593,24.235,12.921,28.914,16.133,166.221
154,45.676,14.806,14.248,10.476,23.886,13.409,28.076,14.806,165.383
155,42.393,14.667,14.177,11.105,25.212,13.41,28.076,15.155,164.195
156,47.282,16.482,44.28,13.269,27.168,13.2,29.194,15.714,206.589
157,44.768,15.365,16.622,10.127,26.679,13.34,26.05,14.527,167.478
158,39.67,13.689,12.99,9.498,24.864,11.384,26.26,14.248,152.603
159,41.346,14.317,13.48,10.266,24.864,12.292,26.749,14.806,158.12
160,40.508,13.968,13.27,9.917,24.863,12.013,27.098,14.388,156.025
161,40.717,14.876,12.711,10.686,26.609,13.829,30.52,11.873,161.821
162,56.362,20.812,14.667,11.733,31.009,17.251,34.362,15.155,201.351
163,39.879,15.365,14.736,9.988,25.282,10.825,32.686,15.365,164.126
164,40.997,18.158,16.762,10.406,27.727,13.27,27.098,13.479,167.897
165,45.118,17.669,13.759,61.53,29.543,13.828,26.19,15.854,223.491
166,41.974,13.34,13.619,8.66,22.14,12.99,25.632,13.898,152.253
167,67.257,14.876,12.292,9.638,26.61,13.968,30.73,16.901,192.272
168,44.908,14.666,13.41,10.406,29.124,14.876,25.631,15.365,168.386
169,40.438,14.247,13.2,9.568,28.076,12.502,24.793,14.667,157.491
170,44.838,14.806,13.27,10.196,25.632,12.502,27.866,14.806,163.916
171,40.648,15.574,12.991,10.895,34.85,13.829,27.587,16.273,172.647
172,51.333,29.472,38.133,18.578,45.746,24.863,48.121,28.006,284.252
173,70.888,18.718,23.257,13.409,42.393,17.74,41.346,20.882,248.633
174,53.009,14.317,11.454,10.406,27.727,12.362,26.26,12.991,168.526
175,40.089,13.898,13.13,9.987,26.68,12.501,28.146,13.759,158.19
176,42.044,16.133,26.19,11.524,25.632,13.549,48.609,15.365,199.046
177,44.349,16.692,14.317,10.546,25.771,12.711,25.911,16.134,166.431
178,43.441,15.156,13.409,10.407,25.422,12.711,27.657,14.946,163.149
179,42.882,14.806,13.34,10.616,25.003,13.339,28.006,14.667,162.659
180,42.952,15.155,13.061,10.406,25.282,12.362,26.679,14.946,160.843
181,49.518,14.876,13.2,10.615,25.702,12.431,25.772,13.758,165.872
182,36.806,13.689,32.336,10.127,27.029,13.409,27.378,16.273,177.047
183,40.228,14.178,12.92,10.058,24.863,12.222,26.819,13.759,155.047
184,40.648,27.587,13.269,10.477,25.212,12.572,26.12,14.317,170.202
185,40.229,14.596,16.902,12.222,26.121,12.641,29.612,20.114,172.437
186,117.892,21.441,15.644,10.965,29.473,13.34,28.145,14.877,251.777
187,41.206,14.178,12.92,31.009,27.588,11.104,22.28,10.615,170.9
188,30.87,13.13,10.197,9.498,19.067,10.476,19.485,10.546,123.269
189,31.498,9.987,9.149,7.473,24.514,13.13,30.032,11.873,137.656
190,30.87,9.987,9.918,7.193,18.578,9.009,19.137,9.498,114.19
191,27.657,9.149,9.358,6.705,18.229,8.45,18.787,9.429,107.764
192,28.425,9.918,9.149,7.193,18.508,8.66,18.927,9.708,110.488
193,29.123,9.499,9.428,7.264,18.019,8.59,19.067,9.079,110.069
194,28.076,10.057,8.94,7.054,18.717,8.521,18.159,9.987,109.511
195,47.283,17.041,21.022,8.59,19.207,7.962,20.672,9.848,151.625
196,28.145,9.429,9.149,7.054,24.724,10.965,26.19,14.178,129.834
197,39.111,13.758,11.105,8.032,20.044,10.057,21.441,10.476,134.024
198,30.311,9.429,10.057,7.682,19.486,8.66,19.416,9.219,114.26
199,31.987,11.384,10.546,8.032,21.092,9.847,19.765,10.337,122.99
200,31.219,10.546,10.057,7.613,20.533,9.01,20.114,9.009,118.101
201,31.079,11.454,9.987,7.613,19.695,8.87,21.162,11.244,121.104
202,32.337,10.546,10.127,7.473,45.885,9.987,20.952,10.477,147.784
203,33.384,10.616,11.803,7.682,19.137,9.358,20.743,10.267,122.99
204,30.311,10.965,9.569,8.031,21.092,9.01,20.114,11.873,120.965
205,30.101,10.616,10.406,7.613,20.603,9.358,19.765,10.267,118.729
206,31.218,10.058,10.057,7.123,19.626,9.987,20.044,10.407,118.52
207,29.613,10.546,9.568,7.962,19.276,11.244,19.276,11.245,118.73
208,29.752,11.454,10.127,7.543,19.136,9.01,20.044,9.987,117.053
209,28.216,10.406,17.251,8.52,21.581,9.429,21.581,11.244,128.228
210,49.098,9.848,10.546,8.171,19.416,9.219,21.79,10.616,138.704
211,31.987,10.476,10.127,7.543,19.625,9.987,19.975,10.127,119.847
212,30.381,10.336,10.057,7.683,19.415,8.73,18.438,11.105,116.145
213,31.917,10.406,10.197,7.473,20.184,10.406,20.533,9.988,121.104
214,28.845,10.895,10.127,7.612,22.419,9.01,20.044,9.987,118.939
215,75.358,11.943,15.644,9.708,23.536,11.035,26.959,15.714,189.897
216,39.67,13.689,12.99,9.01,25.841,12.222,21.581,32.895,167.898
217,39.53,11.035,10.546,8.451,20.114,9.009,19.626,9.987,128.298
218,30.521,10.616,11.384,7.612,19.556,10.057,19.625,10.267,119.638
219,28.495,12.921,9.428,7.962,19.626,11.384,19.625,9.917,119.358
220,33.384,14.806,10.476,8.102,18.088,11.454,19.556,11.454,127.32
221,33.593,12.222,11.804,12.082,27.657,15.155,30.102,15.225,157.84
222,49.587,13.41,12.292,8.241,20.324,9.917,19.416,10.895,144.082
223,30.521,11.942,9.429,8.171,19.975,7.612,38.273,10.895,136.818
224,31.009,10.546,8.591,7.054,18.228,8.59,17.88,10.057,111.955
225,28.006,10.476,9.01,7.263,17.53,9.149,19.067,9.917,110.418
226,26.19,9.149,8.87,7.194,17.739,8.94,21.65,9.289,109.021
227,38.902,12.292,10.545,7.264,19.416,8.66,19.486,12.012,128.577
228,34.292,16.272,12.851,7.962,18.857,9.359,21.371,9.429,130.393
229,29.123,9.01,8.73,6.635,18.508,8.73,21.301,10.127,112.164
230,28.215,9.918,8.59,6.775,18.438,10.197,19.834,10.407,112.374
231,31.289,9.987,9.917,7.683,19.066,32.895,24.305,10.965,146.107
232,30.521,11.384,10.057,7.613,19.485,9.079,19.556,9.917,117.612
233,30.52,10.546,9.08,7.961,19.626,8.52,20.114,9.988,116.355
234,31.01,11.593,18.019,8.172,21.79,9.708,20.812,9.918,131.022
235,29.054,10.965,9.917,9.149,24.724,11.035,23.326,16.204,134.374
236,38.762,10.825,11.035,7.683,19.835,11.384,22.209,10.476,132.209
237,44.279,20.115,11.384,10.476,30.031,16.203,33.384,18.229,184.101
238,36.806,9.498,36.248,8.241,20.813,12.99,21.371,11.105,157.072
239,30.939,9.498,10.197,8.451,19.625,9.08,20.253,10.057,118.1
240,31.499,10.406,10.127,7.612,21.442,9.498,20.044,10.476,121.104
241,35.829,10.965,10.476,8.101,19.486,11.454,21.371,10.476,128.158
242,29.123,10.057,10.407,9.079,20.044,9.01,19.555,10.476,117.751
243,34.362,61.041,11.314,9.918,25.98,9.01,22.489,9.917,184.031
244,30.52,10.407,9.987,7.682,19.975,9.568,20.463,10.546,119.148
245,33.384,42.463,30.59,26.191,32.406,11.384,26.26,12.851,215.529
246,37.574,12.432,12.013,8.45,22.35,10.755,24.794,11.872,140.24
247,34.92,11.803,11.454,8.66,22.28,10.685,23.676,12.083,135.561
248,37.156,12.152,11.733,8.521,22.558,10.337,22.978,12.222,137.657
249,33.384,12.361,11.384,9.15,21.371,10.616,25.701,12.781,136.748
250,39.949,15.015,12.781,10.197,23.746,11.454,21.93,12.362,147.434
251,40.158,11.873,40.019,10.057,23.676,13.41,25.422,12.082,176.697
252,35.758,12.013,12.362,8.52,22.489,9.917,22.978,11.873,135.91
253,34.781,12.222,11.873,8.59,22.14,10.127,25.701,11.454,136.888
254,30.521,12.013,26.19,12.012,30.521,13.759,27.587,15.854,168.457
255,45.047,20.114,14.248,11.104,27.099,16.203,35.269,16.832,185.916
256,47.841,20.743,20.533,14.527,30.94,14.945,32.407,15.155,197.091
257,55.803,20.672,16.902,10.476,27.867,13.968,27.168,19.905,192.761
258,45.187,14.387,15.156,9.987,24.793,10.546,28.915,14.317,163.288
259,43.86,14.876,14.667,10.057,26.26,13.27,27.238,13.759,163.987
260,41.835,15.853,12.362,8.94,23.466,14.108,25.353,14.317,156.234
261,39.949,13.06,13.2,10.965,24.374,11.943,25.213,12.99,151.694
262,44.07,14.387,13.27,32.406,31.01,15.853,28.146,15.156,194.298
263,42.464,14.108,14.317,9.359,24.863,13.2,26.819,19.555,164.685
264,46.375,21.301,15.854,9.848,33.872,11.385,29.752,15.435,183.822
265,49.656,19.067,16.692,11.384,24.863,72.006,33.175,12.082,238.925
266,38.063,12.012,13.829,7.054,20.533,10.476,22.419,10.476,134.862
267,35.829,12.222,9.568,9.219,21.162,9.568,61.739,16.692,175.999
268,38.553,11.873,12.082,7.962,19.695,8.59,19.416,10.127,128.298
269,36.387,13.339,15.785,9.428,25.352,11.943,23.327,11.035,146.596
270,41.486,12.012,11.384,8.102,20.603,8.87,21.441,11.663,135.561
271,34.361,9.638,10.407,9.498,19.625,10.407,22.488,11.384,127.808
272,34.292,14.248,12.501,9.429,29.612,11.734,36.247,12.502,160.565
273,49.168,12.292,29.123,9.01,22.488,10.896,21.93,40.438,195.345
274,36.596,11.454,13.689,9.219,32.895,11.803,35.759,18.717,170.132
275,63.276,12.431,11.175,8.101,22.908,9.499,21.092,10.825,159.307
276,31.987,10.825,10.477,7.752,19.905,9.149,20.393,10.546,121.034
277,34.781,11.244,10.407,8.241,20.812,10.197,22.28,11.034,128.996
278,40.927,12.991,10.895,8.101,20.952,10.058,20.952,10.546,135.422
279,32.685,9.918,11.733,9.568,38.203,28.635,37.644,12.781,181.167
280,37.784,12.362,11.314,8.032,21.301,11.873,21.022,10.477,134.165
281,44.907,10.895,10.896,8.73,22.768,10.127,22.768,10.686,141.777
282,32.127,11.314,10.476,8.172,20.393,10.127,20.882,10.616,124.107
283,32.406,10.476,12.502,9.428,20.603,8.521,25.352,12.711,131.999
284,41.416,13.27,10.965,10.127,20.812,10.127,20.882,10.616,138.215
285,34.292,11.453,10.546,7.543,20.184,8.94,20.603,10.406,123.967
286,34.501,11.035,10.057,9.429,19.625,9.079,45.327,16.622,155.675
287,43.86,15.225,20.044,15.086,34.571,15.365,32.895,11.803,188.849
288,60.552,19.975,19.136,10.406,32.826,15.225,25.003,11.593,194.716
289,55.802,27.238,19.905,13.479,35.27,12.781,31.009,14.946,210.43
290,58.247,23.397,17.599,11.035,45.676,23.397,32.685,19.905,231.941
291,46.584,13.06,14.667,8.521,22.418,9.569,20.463,11.524,146.806
292,31.707,10.337,10.825,7.683,19.555,10.965,21.441,10.476,122.989
293,33.384,34.711,21.511,13.269,27.797,15.505,28.844,15.295,190.316
294,69.632,24.374,13.41,15.574,27.727,18.647,42.464,17.879,229.707
295,47.562,12.012,12.362,8.521,20.533,9.498,20.534,10.965,141.987
296,33.454,11.314,10.476,7.752,45.467,11.244,25.352,10.895,155.954
297,33.384,10.896,10.406,12.501,23.816,17.111,34.851,13.898,156.863
298,45.397,17.669,13.759,11.594,29.054,13.828,31.428,14.807,177.536
299,43.86,15.854,14.038,9.987,24.584,11.943,24.723,13.968,158.957
300,40.996,13.899,11.873,9.149,23.327,12.99,24.165,17.67,154.069
301,37.993,14.876,11.384,9.568,22.35,12.99,26.19,13.759,149.11
302,44.489,14.177,43.022,9.568,25.073,12.222,25.283,13.689,187.523
303,38.203,13.339,13.34,9.079,22.349,11.943,23.466,14.108,145.827
304,38.552,13.689,13.199,9.15,23.257,11.593,26.191,13.828,149.459
305,43.092,14.178,12.92,8.661,22.349,11.454,25.073,13.13,150.857
306,43.302,12.431,13.759,9.498,24.375,11.873,24.374,13.898,153.51
307,38.552,15.504,12.642,9.428,23.467,11.314,23.885,12.432,147.224
308,38.133,13.829,39.669,10.337,24.933,12.222,24.863,14.597,178.583
309,41.276,13.34,13.409,9.429,22.907,11.873,23.886,13.409,149.529
310,39.46,13.41,12.431,9.359,22.838,12.152,23.956,14.177,147.783
311,37.156,13.758,12.991,9.009,23.467,11.803,23.885,13.27,145.339
312,50.076,70.539,42.114,13.27,33.314,20.603,39.949,14.876,284.741
313,39.39,13.34,11.524,9.428,43.93,13.34,25.352,11.314,167.618
314,32.895,15.365,11.314,8.241,20.813,9.498,21.721,10.895,130.742
315,34.362,10.476,10.406,8.241,20.813,9.219,22.768,11.105,127.39
316,32.895,12.431,10.616,8.451,20.882,11.803,20.813,10.546,128.437
317,31.429,12.012,10.477,8.52,20.114,9.499,21.999,10.896,124.946
318,37.784,12.711,11.314,7.683,19.346,10.406,20.533,10.476,130.253
319,33.873,12.013,10.476,8.032,20.044,10.476,20.533,10.965,126.412
320,31.987,10.476,9.358,9.918,41.625,10.895,26.26,12.781,153.3
321,30.94,11.384,10.476,8.171,19.975,9.079,19.974,10.058,120.057
322,30.241,10.406,9.848,7.612,21.022,9.499,20.114,10.406,119.148
323,30.52,12.781,9.987,7.683,20.044,9.009,19.486,10.546,120.056
324,29.822,9.918,9.847,7.543,20.114,9.01,19.625,10.406,116.285
325,30.032,10.057,9.987,7.613,20.044,9.499,20.533,10.965,118.73
326,30.73,9.149,10.267,9.498,22.0,11.315,25.771,13.479,132.209
327,33.384,9.499,11.104,8.032,19.625,10.477,20.463,10.546,123.13
328,55.384,12.292,11.454,9.149,20.812,9.149,19.975,10.616,148.831
329,32.476,10.477,10.126,7.543,19.556,10.546,19.974,10.127,120.825
330,30.311,10.336,9.638,6.705,19.905,9.219,19.904,12.013,118.031
331,30.52,11.384,10.127,7.613,19.485,11.524,20.463,10.127,121.243
332,31.638,11.943,14.806,8.032,20.603,11.873,20.533,10.406,129.834
333,31.498,10.896,10.476,8.101,21.441,9.08,20.393,10.407,122.292
334,31.219,10.616,9.847,7.683,20.952,9.568,20.044,10.407,120.336
335,30.52,11.803,10.058,22.349,22.139,10.756,21.161,10.756,139.542
336,30.52,11.035,10.546,9.428,19.137,9.079,20.044,10.477,120.266
337,29.124,10.057,15.155,8.591,20.114,10.895,20.114,10.337,124.387
338,48.959,21.022,12.781,9.009,27.168,13.968,39.041,17.111,189.059
339,42.254,11.873,11.454,6.984,19.066,11.035,64.812,11.384,178.862
340,34.85,11.803,10.477,8.241,20.882,11.594,20.673,11.035,129.555
341,31.01,10.336,10.616,8.101,19.975,11.035,20.393,31.987,143.453
342,35.689,13.27,11.105,8.101,20.533,119.917,23.886,11.384,243.885
343,32.406,10.825,11.035,8.241,19.835,9.708,20.254,12.432,124.736
344,31.359,23.327,10.476,8.101,21.93,9.569,21.022,10.895,136.679
345,31.499,12.501,10.337,8.66,19.974,9.499,21.79,11.314,125.574
346,31.498,10.965,10.406,7.683,20.044,11.384,21.092,10.895,123.967
347,34.781,10.825,10.546,7.753,22.139,9.569,20.672,10.546,126.831
348,30.939,38.133,11.384,8.73,22.768,9.638,22.35,11.034,154.976
349,35.2,12.641,10.406,7.962,21.511,9.499,20.114,10.406,127.739
350,31.01,11.104,10.407,7.612,20.534,9.498,20.603,10.406,121.174
351,31.987,10.546,18.368,8.171,20.673,11.943,20.952,10.546,133.186
352,31.009,10.476,11.943,9.498,20.045,9.638,20.393,10.546,123.548
353,30.101,9.918,9.498,7.613,19.276,9.638,20.463,9.08,115.587
354,42.812,31.987,16.832,15.574,42.115,15.574,30.73,33.384,229.008
355,61.53,15.714,16.692,19.067,39.111,15.854,31.009,14.108,213.085
356,51.892,20.603,14.247,14.388,32.406,13.758,30.032,14.457,191.783
357,50.285,16.553,16.831,11.245,26.26,13.479,29.543,14.247,178.443
358,45.467,14.177,15.365,10.337,26.609,14.038,26.749,15.295,168.037
359,43.302,15.853,13.759,10.616,24.165,12.571,48.889,16.203,185.358
360,44.838,13.898,16.134,11.034,25.772,12.781,26.26,14.736,165.453
361,46.025,15.924,12.292,11.803,29.054,13.968,29.054,16.622,174.742
362,48.051,14.387,13.828,10.477,25.212,11.524,33.174,20.394,177.047
363,51.612,25.772,76.196,12.571,39.041,16.483,33.593,17.251,272.519
364,45.397,13.758,16.762,10.895,56.292,21.581,37.435,18.298,220.418
365,55.244,20.394,17.739,11.315,25.771,13.409,29.543,16.762,190.177
366,42.812,15.784,14.318,11.453,26.261,12.292,27.657,14.806,165.383
367,39.949,15.853,12.781,9.988,27.098,12.362,24.584,14.876,157.491
368,41.904,14.387,12.781,10.197,28.495,14.736,31.918,17.809,172.227
369,45.397,16.342,14.667,12.501,26.61,13.828,53.01,16.133,198.488
370,47.422,17.6,14.108,11.524,26.19,12.921,28.146,14.736,172.647
371,42.324,14.806,22.838,12.013,28.076,14.387,27.029,14.736,176.209
372,45.326,17.111,15.714,13.829,31.009,16.692,30.102,16.133,185.916
373,64.533,19.486,28.076,19.136,35.759,13.409,38.203,23.816,242.418
374,53.567,57.689,19.555,14.807,48.539,23.048,40.368,25.631,283.204
375,56.292,14.457,16.063,13.479,30.032,13.759,28.145,15.226,187.453
376,43.162,16.203,13.898,10.826,26.26,12.99,28.565,15.714,167.618
377,45.886,16.133,15.854,10.755,27.308,13.2,30.73,16.343,176.209
378,45.466,17.46,13.48,10.895,27.727,12.781,29.123,15.854,172.786
379,66.978,20.114,15.574,13.968,35.27,17.6,30.52,16.273,216.297
380,45.187,15.016,14.736,11.105,28.076,14.178,28.704,17.251,174.253
381,45.815,15.645,15.295,11.035,26.26,13.13,28.635,13.759,169.574
382,44.698,14.457,15.225,10.896,87.65,20.184,32.266,15.924,241.3
383,45.187,14.806,14.248,10.127,26.19,11.943,26.26,35.828,184.589
384,44.558,15.784,14.248,10.546,26.749,12.85,27.587,15.226,167.548
385,43.721,14.946,12.711,10.406,26.47,12.362,27.168,15.365,163.149
386,42.952,14.736,13.829,10.546,26.26,12.292,30.101,16.203,166.919
387,43.65,21.092,15.575,12.082,40.927,13.759,28.146,16.761,191.992
388,44.0,15.086,13.689,12.012,27.448,12.85,27.169,15.225,167.479
389,63.905,15.644,13.968,10.756,26.819,12.222,26.958,14.318,184.59
390,42.812,14.457,22.768,12.502,29.123,14.667,29.543,16.412,182.284
391,44.908,15.435,14.178,10.127,26.609,13.409,28.146,15.156,167.968
392,44.209,15.296,14.317,10.406,28.076,13.829,28.565,15.365,170.063
393,45.955,15.575,13.479,10.895,28.216,12.781,33.384,15.854,176.139
394,47.492,16.133,14.387,10.965,49.098,14.248,36.736,21.092,210.151
395,53.288,43.581,28.216,15.714,40.089,21.93,52.869,29.962,285.649
396,67.048,21.371,19.136,10.895,28.076,14.038,29.054,30.521,220.139
397,58.597,28.704,25.213,14.736,50.146,18.019,29.543,15.434,240.392
398,44.279,15.574,13.689,29.124,28.146,13.479,28.076,15.714,188.081
399,43.511,14.736,13.899,11.314,28.006,13.13,29.054,15.365,169.015
400,44.698,16.273,16.203,11.035,27.238,13.2,29.123,16.064,173.834
401,45.047,15.365,26.19,11.943,28.635,13.689,29.123,16.343,186.335
402,49.378,16.203,14.387,11.314,26.749,13.48,28.076,16.622,176.209
403,44.908,16.133,13.969,27.866,28.844,13.41,28.635,15.155,188.92
404,42.812,16.762,12.851,13.828,27.168,12.502,26.888,14.318,167.129
405,40.997,14.876,14.666,10.127,26.749,13.27,29.543,17.181,167.409
406,43.721,14.736,14.108,10.895,25.771,12.991,27.587,15.295,165.104
407,43.022,15.155,12.991,12.222,26.4,12.711,27.587,14.317,164.405
408,44.907,16.134,16.342,10.407,27.727,13.269,53.917,23.467,206.17
409,52.241,24.304,18.089,15.295,31.987,13.759,29.543,15.225,200.443
410,48.4,14.387,25.492,13.41,27.657,13.2,26.819,18.158,187.523
411,45.886,18.019,13.968,11.733,28.006,14.108,28.146,15.365,175.231
412,42.812,14.876,12.781,10.127,24.724,12.501,26.191,16.552,160.564
413,41.415,13.27,13.828,11.035,23.397,12.362,26.19,32.895,174.392
414,48.749,16.622,14.387,10.336,27.937,13.2,27.727,15.784,174.742
415,42.952,14.736,12.362,10.197,26.609,13.34,28.704,15.016,163.916
416,42.254,15.155,13.41,10.895,25.841,13.27,27.657,15.434,163.916
417,42.463,17.6,14.178,11.035,27.866,16.692,29.613,28.076,187.523
418,43.581,25.701,19.905,16.343,34.85,22.559,44.978,20.882,228.799
419,73.403,30.591,19.485,15.714,43.441,27.238,51.124,29.542,290.538
420,72.634,29.753,21.231,18.718,26.12,13.898,29.473,16.203,228.03
421,43.441,14.667,63.205,10.826,31.009,14.457,31.429,16.622,225.656
422,42.324,15.784,13.828,10.896,28.564,13.55,28.355,36.317,189.618
423,47.072,16.692,16.762,12.362,27.727,12.292,28.076,15.923,176.906
424,42.044,16.762,13.758,11.454,27.098,13.48,28.145,15.715,168.456
425,43.86,16.203,13.479,10.756,27.028,13.689,28.146,15.784,168.945
426,43.929,15.715,13.828,10.546,28.146,15.155,33.314,14.248,174.881
427,44.698,13.41,13.27,10.546,25.212,11.594,25.701,14.248,158.679
428,42.114,35.758,14.527,12.432,27.098,13.479,26.749,15.156,187.313
429,43.371,14.736,25.283,11.035,26.679,13.479,27.448,14.526,176.557
430,43.511,13.689,13.479,11.384,24.864,13.27,28.076,16.831,165.104
431,45.607,13.898,18.787,12.502,31.009,21.79,32.476,19.556,195.625
432,54.266,15.435,15.923,10.477,26.958,12.991,27.657,16.063,179.77
433,51.053,16.273,10.895,9.01,48.33,12.152,21.162,10.825,179.7
434,45.187,13.968,15.155,9.149,25.143,13.06,25.213,15.155,162.03
435,35.409,16.483,14.736,10.546,27.937,14.736,26.26,12.292,158.399
436,33.872,12.781,13.899,11.384,26.749,14.247,30.87,14.317,158.119
437,35.13,11.873,14.387,10.895,29.613,18.228,27.657,15.575,163.358
438,47.283,19.835,13.758,10.826,25.282,12.851,22.907,10.965,163.707
439,63.974,12.292,10.127,10.476,26.749,9.848,22.558,11.733,167.757
440,38.622,12.501,11.315,8.66,23.257,13.06,28.565,12.292,148.272
441,34.851,12.013,10.825,8.101,20.045,9.428,25.073,15.714,136.05
442,44.698,14.946,12.292,9.499,26.749,10.546,22.768,10.685,152.183
443,31.917,10.407,10.476,54.546,30.52,15.365,26.679,11.873,191.783
444,35.759,12.501,9.359,9.079,21.023,8.939,20.464,10.336,127.46
445,34.361,33.384,11.035,8.94,21.581,9.498,20.533,10.406,149.738
446,31.498,22.768,11.105,8.241,20.673,9.079,20.464,17.32,141.148
447,36.248,12.012,12.362,12.851,28.565,9.708,21.79,13.479,147.015
448,43.72,12.921,11.244,8.032,19.695,10.825,23.886,11.454,141.777
449,40.019,11.943,20.463,10.965,27.168,10.616,24.095,10.965,156.234
450,39.46,14.458,12.292,9.009,22.07,9.917,28.565,13.549,149.32
451,35.269,12.013,10.546,7.962,20.463,8.87,45.676,11.105,151.904
452,35.689,10.965,11.035,7.612,19.626,8.939,23.048,10.755,127.669
453,30.451,12.152,10.337,7.962,20.114,9.498,19.626,14.177,124.317
454,40.577,11.384,10.965,7.683,27.727,17.041,22.978,11.314,149.669
455,38.412,13.13,10.896,12.501,24.305,12.92,28.495,11.873,152.532
456,33.384,10.895,10.896,8.241,19.485,10.546,20.813,10.406,124.666
457,34.641,17.041,13.479,9.987,23.397,9.498,23.397,10.406,141.846
458,34.78,10.337,31.987,10.336,21.372,10.825,20.673,10.825,151.135
459,34.292,13.759,13.409,9.918,20.603,9.498,20.603,10.825,132.907
460,32.965,10.546,10.267,8.032,20.603,9.009,20.603,11.803,123.828
461,44.768,14.317,18.089,9.568,33.873,12.501,23.327,10.965,167.408
462,35.968,14.876,12.362,8.45,21.162,11.314,20.534,10.965,135.631
463,34.361,11.315,10.476,8.241,19.905,11.593,21.162,10.546,127.599
464,32.266,11.803,10.546,7.683,20.952,10.057,20.882,11.105,125.294
465,56.292,11.872,11.035,8.102,22.139,9.638,20.673,11.105,150.856
466,31.499,12.78,10.546,8.102,20.114,9.429,20.603,10.825,123.898
467,31.918,10.615,12.362,7.962,20.184,9.848,21.092,10.895,124.876
468,31.009,11.105,22.349,9.638,26.679,11.384,21.022,10.965,144.151
469,44.488,11.803,10.337,7.612,20.813,10.895,65.371,13.829,185.148
470,33.384,11.105,10.406,8.102,20.044,10.476,20.603,10.756,124.876
471,31.219,10.686,13.688,8.591,20.533,9.498,53.01,11.872,159.097
472,37.155,11.524,10.546,7.473,26.609,12.222,25.771,13.759,145.059
473,37.574,13.34,12.501,9.499,22.908,11.873,24.793,10.965,143.453
474,31.987,14.108,11.384,8.102,20.952,8.66,21.372,10.546,127.111
475,32.406,15.644,15.854,9.987,22.908,10.895,22.0,15.226,144.92
476,39.599,11.873,10.616,8.102,22.419,9.568,20.952,11.873,135.002
477,35.34,10.965,9.987,8.591,20.882,9.638,20.882,10.896,127.181
478,31.219,11.034,35.689,9.01,22.977,10.406,21.092,10.896,152.323
479,32.406,12.711,10.546,8.241,19.765,13.828,27.937,14.317,139.751
480,35.339,11.035,10.895,8.102,21.511,9.498,20.463,10.965,127.808
481,32.895,10.825,12.432,8.241,21.651,9.568,20.463,10.546,126.621
482,33.314,11.384,10.616,8.102,28.146,14.247,32.406,12.013,150.228
483,47.003,16.692,14.527,12.99,34.781,11.384,26.679,12.851,176.907
484,36.667,10.895,12.012,8.102,28.635,42.463,38.133,13.898,190.805
485,52.52,23.886,18.997,14.387,44.209,16.622,33.664,15.225,219.51
486,49.587,16.762,23.257,22.419,42.952,15.784,35.619,15.156,221.536
487,36.248,12.222,11.663,8.521,20.533,10.406,20.603,10.896,131.092
488,33.873,9.638,22.279,9.708,21.232,9.498,21.72,10.477,138.425
489,32.406,10.895,10.476,8.242,19.904,9.149,19.905,11.105,122.082
490,57.829,13.13,10.895,8.171,21.162,9.568,20.464,11.035,152.254
491,31.498,12.292,10.127,7.613,36.177,15.295,35.34,11.873,160.215
492,35.06,10.058,11.942,8.521,21.511,10.406,21.022,10.895,129.415
493,32.476,11.873,9.987,8.171,19.905,9.568,20.464,11.523,123.967
494,31.708,10.546,10.406,9.569,20.463,53.428,22.489,10.895,169.504
495,32.895,9.638,9.498,8.451,21.162,17.879,26.958,11.454,137.935
496,36.177,10.895,10.616,8.102,19.974,28.076,23.886,10.476,148.202
497,31.498,19.765,12.432,9.777,21.022,8.591,22.419,11.873,137.377
498,33.454,12.502,10.406,9.498,18.578,11.454,20.952,10.546,127.39
499,35.06,15.016,11.454,9.149,22.838,9.568,22.838,10.546,136.469
500,34.85,11.105,10.336,9.08,22.0,9.498,22.0,14.666,133.535
501,45.117,14.318,10.476,9.498,22.0,11.803,23.397,11.873,148.482
502,34.85,10.756,10.546,9.638,21.86,8.241,20.673,13.41,129.974
503,42.324,12.082,37.574,10.477,22.907,9.988,22.418,12.432,170.202
504,37.644,10.756,11.454,9.079,19.276,11.105,20.812,10.616,130.742
505,31.498,10.895,10.616,9.917,79.2,14.247,27.099,13.13,196.602
506,37.295,12.781,13.339,9.149,23.327,10.965,23.397,12.781,143.034
507,35.339,12.502,24.793,9.918,23.746,10.965,23.885,12.781,153.929
508,38.273,12.781,11.943,9.568,23.816,10.965,23.955,12.222,143.523
509,36.527,12.851,12.222,41.974,29.054,12.921,27.726,13.759,187.034
510,41.904,13.968,12.642,9.498,23.187,10.895,23.886,12.92,148.9
511,37.645,12.85,11.943,9.499,22.488,11.384,23.816,12.432,142.057
512,38.761,12.711,11.943,9.219,23.327,10.476,24.305,12.292,143.034
513,36.387,12.781,12.362,12.012,21.86,10.127,20.883,12.012,138.424
514,33.803,10.965,10.127,8.521,19.625,9.498,21.022,10.826,124.387
515,31.009,11.035,10.895,8.102,19.206,9.359,50.495,15.993,156.094
516,41.625,11.873,17.25,9.918,24.863,9.918,24.863,10.895,151.205
517,29.543,11.105,10.755,8.032,20.393,10.337,20.603,10.895,121.663
518,34.432,10.406,10.895,7.753,19.974,10.546,20.952,10.477,125.435
519,32.406,10.825,10.407,7.682,20.673,9.149,23.327,11.524,125.993
520,31.429,9.498,56.711,10.476,23.816,9.149,21.371,11.035,173.485
521,31.708,11.035,10.825,7.682,20.045,9.009,20.533,12.432,123.269
522,37.575,13.409,39.67,10.825,23.047,11.734,20.952,11.175,168.387
523,35.689,11.873,9.638,9.009,23.886,11.384,28.146,12.362,141.987
524,34.362,10.895,10.825,9.079,21.162,9.079,20.534,9.498,125.434
525,35.2,10.476,16.762,8.52,22.489,9.429,21.581,10.406,134.863
526,32.267,11.943,9.917,7.962,21.511,11.873,27.727,12.292,135.492
527,36.247,14.178,35.828,11.524,31.987,11.244,23.048,10.755,174.811
528,33.873,11.035,11.314,8.172,19.974,9.079,46.305,12.851,152.603
529,34.361,11.734,10.546,8.73,20.673,9.149,20.184,12.012,127.389
530,34.711,10.895,10.616,8.101,22.908,9.498,29.613,16.133,142.475
531,41.834,12.292,10.966,8.52,20.394,9.079,27.238,13.689,144.012
532,42.952,13.269,13.55,10.755,27.727,10.476,24.794,15.085,158.608
533,46.025,17.74,13.27,11.034,19.975,10.546,21.371,13.968,153.929
534,40.508,12.991,14.107,9.15,30.38,14.388,31.987,12.781,166.292
535,61.041,16.832,18.019,10.127,23.257,13.968,24.025,10.965,178.234
536,45.187,12.991,11.873,10.476,39.25,18.927,30.032,12.99,181.726
537,44.978,13.479,14.667,10.057,26.679,11.524,26.749,15.155,163.288
538,43.441,15.156,12.571,10.336,23.257,10.267,22.0,9.987,147.015
539,40.159,11.384,9.987,9.638,23.746,9.638,23.257,10.616,138.425
540,32.895,10.965,10.685,7.962,51.403,10.965,24.863,11.454,161.192
541,32.895,10.616,11.384,9.01,20.533,9.498,20.184,11.733,125.853
542,31.219,11.035,10.267,7.543,21.092,9.428,20.603,10.406,121.593
543,32.965,10.406,10.895,8.171,19.556,12.92,28.565,13.41,136.888
544,34.502,12.92,13.829,12.85,27.657,12.013,28.146,16.133,158.05
545,39.53,16.692,14.527,12.92,30.102,11.454,23.396,10.407,159.028
546,38.273,14.247,29.613,11.384,56.641,13.27,32.964,14.388,210.78
547,47.352,11.803,12.501,8.591,21.371,10.546,21.441,10.546,144.151
548,35.27,26.469,14.248,11.524,29.542,14.737,32.895,12.99,177.675
549,37.714,10.546,15.645,7.612,23.397,13.2,29.333,13.968,151.415
550,45.746,15.225,15.225,10.616,25.771,13.27,27.238,13.759,166.85
551,42.533,12.711,11.594,9.498,32.895,10.895,30.521,13.479,164.126
552,62.019,12.012,11.454,8.451,19.765,10.755,22.419,10.476,157.351
553,31.987,11.035,9.987,8.032,21.022,9.498,20.114,10.476,122.151
554,32.965,10.895,9.917,8.241,19.416,8.521,20.393,10.826,121.174
555,31.917,11.035,9.918,8.101,20.603,11.384,20.533,10.477,123.968
556,47.562,13.479,17.46,9.988,28.285,13.968,29.054,15.645,175.441
557,45.746,12.362,11.105,7.962,22.977,8.451,21.651,14.527,144.781
558,36.038,11.524,12.781,10.616,27.587,10.965,48.12,17.181,174.812
559,36.737,11.034,13.2,7.264,19.416,11.384,21.092,10.825,130.952
560,30.52,10.477,11.384,8.171,19.975,9.568,21.93,9.498,121.523
561,37.225,12.99,11.734,10.406,20.324,9.987,21.022,10.406,134.094
562,30.031,11.384,10.965,10.127,24.654,14.387,23.397,11.873,136.818
563,39.46,21.721,20.603,13.2,39.6,19.625,38.552,21.022,213.783
564,55.733,14.736,12.781,8.94,23.466,10.336,50.635,12.292,188.919
565,35.34,10.895,10.965,9.149,20.394,10.127,19.834,10.686,127.39
566,32.336,11.804,22.977,8.451,21.581,9.917,20.114,10.896,138.076
567,30.031,11.105,10.756,7.682,21.441,9.568,24.235,10.895,125.713
568,31.219,11.034,11.803,8.172,19.485,10.058,20.533,9.987,122.291
569,30.521,10.336,10.546,55.733,21.371,10.337,22.0,11.314,172.158
570,34.851,10.965,10.895,8.171,20.952,11.035,20.952,10.477,128.298
571,42.254,13.269,30.311,11.594,22.768,10.546,21.441,10.965,163.148
572,31.987,10.965,10.546,8.939,20.673,8.87,20.184,10.406,122.57
573,30.939,11.943,10.965,8.521,20.184,9.428,19.626,10.476,122.082
574,33.873,11.733,10.546,8.242,19.904,9.149,20.324,10.197,123.968
575,31.708,10.756,9.987,8.171,19.975,9.568,19.974,11.035,121.174
576,31.009,10.476,10.476,7.753,20.323,9.219,20.813,10.197,120.266
577,30.8,11.244,9.429,9.219,19.416,10.615,18.438,11.594,120.755
578,31.009,10.965,10.546,7.682,19.905,11.035,47.492,16.692,155.326
579,52.101,12.711,11.035,8.171,22.28,11.104,20.883,10.546,148.831
580,32.406,12.013,10.546,7.962,20.673,11.733,33.384,15.225,143.942
581,49.028,16.203,14.317,11.943,29.613,16.133,30.94,16.831,185.008
582,53.708,16.063,15.854,11.873,30.032,14.457,32.406,20.393,194.786
583,52.799,15.994,13.758,11.594,28.565,14.667,30.52,16.343,184.24
584,72.425,15.853,14.597,11.454,28.775,13.479,32.406,20.952,209.941
585,43.371,14.737,22.07,11.803,21.581,14.107,25.911,14.527,168.107
586,49.936,14.876,12.362,12.432,30.031,14.737,32.895,15.295,182.564
587,48.609,18.298,15.854,14.248,32.406,14.876,43.301,25.353,212.945
588,47.771,16.971,15.714,11.245,28.145,13.759,31.428,39.74,204.773
589,48.679,16.133,23.467,12.711,38.342,13.479,30.521,16.063,199.395
590,46.723,14.807,18.019,12.501,47.073,22.558,33.734,17.53,212.945
591,47.562,16.343,14.666,11.035,30.451,13.409,32.476,69.212,235.154
592,54.336,13.968,11.803,9.01,20.533,10.476,24.305,14.876,159.307
593,42.743,13.829,10.825,8.451,45.885,12.851,31.498,12.781,178.863
594,49.099,12.082,11.803,6.216,21.371,9.918,24.165,11.384,146.038
595,32.476,9.987,17.111,15.784,33.384,18.648,28.565,11.873,167.828
596,39.67,14.666,14.667,16.273,23.885,11.454,21.441,11.454,153.51
597,32.476,15.225,22.07,18.438,41.136,16.972,33.174,17.111,196.602
598,49.028,16.692,14.806,11.454,28.216,14.177,32.895,20.115,187.383
599,55.314,27.587,16.203,12.362,31.498,15.714,30.102,16.622,205.402
600,43.441,16.273,14.247,10.477,27.168,12.082,30.032,17.53,171.25
601,55.175,17.32,15.156,11.593,23.048,11.104,21.791,11.593,166.78
602,31.917,13.34,10.546,8.101,20.044,9.918,20.673,10.755,125.294
603,37.784,10.965,10.336,8.032,20.882,9.429,23.466,11.314,132.208
604,31.499,11.803,9.498,8.241,20.394,9.568,22.349,35.829,149.181
605,36.038,12.152,21.511,9.009,22.0,9.988,20.533,10.965,142.196
606,31.428,9.708,10.337,8.101,22.419,10.476,21.022,11.315,124.806
607,35.06,12.013,10.336,8.242,19.904,9.149,19.975,10.965,125.644
608,31.498,11.245,10.546,7.752,20.394,10.126,20.813,11.175,123.549
609,31.359,10.825,10.546,7.683,20.393,10.616,20.882,10.616,122.92
610,40.996,17.74,11.384,9.079,23.257,9.708,20.813,10.406,143.383
611,35.13,10.826,9.568,7.752,19.416,8.66,19.905,29.682,140.939
612,36.666,11.454,10.546,7.683,20.184,9.149,18.787,10.965,125.434
613,31.918,9.917,9.568,7.264,19.416,8.66,19.485,9.569,115.797
614,29.124,9.847,10.057,7.194,18.927,9.498,20.324,9.009,113.98
615,31.009,10.057,9.498,6.635,17.74,8.94,18.717,9.987,112.583
616,31.009,10.127,9.498,7.543,18.787,8.87,19.207,9.498,114.539
617,76.266,10.546,9.917,7.613,20.114,8.94,19.136,10.476,163.008
618,29.053,9.638,9.848,6.705,20.114,8.939,18.997,9.848,113.142
619,28.635,9.568,25.702,12.501,21.791,10.127,19.485,10.127,137.936
620,29.612,9.918,10.057,7.752,18.787,9.568,18.857,9.918,114.469
621,29.054,9.987,9.429,7.263,19.067,8.52,19.137,9.987,112.444
622,29.054,9.149,11.733,9.15,19.066,8.94,18.577,10.267,115.936
623,30.52,10.127,9.009,7.543,18.718,8.52,19.137,9.917,113.491
624,29.542,10.057,16.203,7.613,19.695,9.359,19.276,10.755,122.5
625,32.337,11.174,9.988,6.565,19.136,9.009,19.626,9.987,117.822
626,29.612,8.591,11.942,7.543,18.718,8.939,19.206,9.08,113.631
627,45.047,11.035,9.917,8.102,19.695,9.359,19.136,9.987,132.278
628,29.542,10.127,9.359,7.682,17.67,7.543,19.276,9.848,111.047
629,29.333,9.918,10.197,8.52,24.305,14.666,27.238,12.921,137.098
630,45.816,16.692,14.736,8.731,22.139,10.057,22.14,10.546,150.857
631,31.498,10.336,10.616,8.102,19.974,11.454,20.044,11.454,123.478
632,35.758,23.816,13.898,11.035,30.87,10.895,22.489,10.895,159.656
633,33.384,13.409,10.895,8.172,19.974,9.568,19.486,11.524,126.412
634,66.978,11.733,10.406,7.264,19.904,9.15,19.485,10.057,154.977
635,29.612,9.918,9.568,7.193,19.067,9.009,19.067,10.057,113.491
636,28.845,10.057,9.289,7.612,19.137,9.009,19.136,9.918,113.003
637,29.054,9.708,9.429,7.612,18.718,8.939,19.206,9.918,112.584
638,31.219,10.546,9.848,7.543,19.206,8.939,18.648,11.873,117.822
639,29.054,9.708,10.406,7.543,19.206,8.94,21.581,11.803,118.241
640,28.146,10.127,9.498,6.984,19.137,8.59,18.997,9.568,111.047
641,28.704,9.918,9.149,7.543,19.136,8.591,18.996,27.657,129.694
642,31.499,10.476,9.847,7.543,16.203,9.359,19.625,9.987,114.539
643,29.124,10.057,9.079,7.613,18.647,8.94,19.136,9.988,112.584
644,30.451,10.057,18.578,8.031,19.556,9.777,19.137,9.987,125.574
645,30.45,10.127,9.568,7.613,18.648,8.939,21.581,16.622,123.548
646,44.838,13.2,11.943,10.336,25.283,11.803,77.802,19.905,215.11
647,48.958,13.968,11.384,8.451,21.651,12.152,26.749,14.317,157.63
648,41.905,16.343,34.291,14.248,23.816,10.965,23.327,11.034,175.929
649,34.991,12.222,9.917,9.219,18.019,9.568,19.975,11.035,124.946
650,48.54,33.453,14.318,11.454,29.892,13.828,26.4,12.571,190.456
651,36.247,12.99,13.759,9.498,19.067,11.454,28.146,15.365,146.526
652,35.27,9.428,12.921,7.473,21.441,8.66,22.419,10.476,128.088
653,33.384,9.708,22.279,8.241,21.791,13.968,28.635,13.2,151.206
654,41.415,14.318,12.85,10.127,48.959,12.501,23.816,11.035,175.021
655,31.429,15.435,12.222,9.079,21.511,12.222,20.394,10.825,133.117
656,34.851,12.921,9.847,10.197,19.835,10.196,22.28,10.615,130.742
657,30.521,14.736,12.082,9.359,26.121,14.526,28.146,11.454,146.945
658,32.476,12.292,10.546,8.172,19.904,9.219,19.416,10.616,122.641
659,32.476,10.336,9.01,8.171,19.695,9.149,19.975,11.104,119.916
660,32.406,10.406,9.15,7.682,18.997,9.149,20.393,11.594,119.777
661,44.838,15.295,11.314,31.917,23.397,10.895,22.978,14.666,175.3
662,39.041,15.225,13.41,9.498,22.489,10.825,22.07,10.336,142.894
663,33.315,14.177,18.229,13.758,22.0,31.429,30.939,12.921,176.768
664,33.803,9.847,10.895,8.172,20.184,9.638,20.882,10.616,124.037
665,34.781,10.406,10.127,8.032,20.114,10.476,20.464,10.546,124.946
666,31.429,10.406,12.013,7.403,21.93,10.965,20.114,10.476,124.736
667,31.498,10.546,12.362,9.498,18.229,9.428,20.603,10.337,122.501
668,63.765,16.343,11.803,8.59,20.045,14.317,29.054,12.92,176.837
669,32.895,11.034,10.966,8.031,20.114,9.429,20.673,10.266,123.408
670,29.333,10.546,10.057,8.521,21.511,10.406,28.146,20.603,139.123
671,36.317,9.987,10.058,7.542,18.718,13.619,35.549,19.136,150.926
672,80.178,12.292,10.476,10.127,21.371,10.616,31.009,11.803,187.872
673,31.289,9.917,9.708,8.94,19.206,9.009,19.486,9.568,117.123
674,34.78,13.48,26.679,8.59,21.86,10.546,19.975,9.638,145.548
675,28.565,11.384,10.057,7.193,18.927,9.219,19.416,9.638,114.399
676,32.964,10.057,10.058,6.984,17.809,9.917,22.559,9.917,120.265
677,30.311,10.407,9.638,7.193,18.997,7.682,19.416,9.708,113.352
678,51.612,14.178,11.943,9.219,24.723,8.661,20.184,9.638,150.158
679,37.994,11.524,10.057,7.542,19.626,9.009,20.603,11.314,127.669
680,31.498,9.568,15.156,9.568,25.702,9.917,21.301,10.407,133.117
681,30.59,11.943,10.336,7.683,37.714,10.476,21.511,10.336,140.589
682,30.101,10.616,10.406,8.94,19.695,9.359,19.625,9.987,118.729
683,30.52,10.058,18.507,10.057,21.023,9.498,19.066,10.477,129.206
684,30.52,11.803,9.987,7.753,19.346,8.52,19.905,10.406,118.24
685,30.101,9.987,9.499,7.612,25.283,12.012,30.451,17.111,142.056
686,35.339,11.035,10.756,8.032,20.812,9.01,20.114,10.406,125.504
687,29.543,10.057,9.987,7.543,20.044,9.08,20.044,9.987,116.285
688,30.031,11.105,10.267,7.612,18.997,8.94,19.625,11.314,117.891
689,38.133,11.594,10.406,8.032,20.533,9.079,19.626,10.406,127.809
690,30.032,11.594,10.266,7.613,19.136,9.01,19.625,10.895,118.171
691,29.542,12.083,9.917,7.613,19.625,9.987,20.045,10.406,119.218
692,30.102,10.127,9.917,7.473,21.441,9.359,20.044,10.476,118.939
693,29.613,10.127,10.406,7.613,21.022,11.873,18.717,10.406,119.777
694,29.542,11.594,9.848,7.542,20.045,9.777,20.603,10.337,119.288
695,31.918,11.593,9.988,8.031,19.556,10.476,25.771,14.318,131.651
696,33.384,12.153,25.561,11.384,21.092,10.826,20.673,9.847,144.92
697,34.432,12.292,10.476,7.753,19.415,9.149,19.416,10.546,123.479
698,30.032,9.498,11.734,7.612,19.556,9.498,20.114,9.918,117.962
699,29.542,9.988,9.917,9.149,19.486,9.568,19.975,9.079,116.704
700,31.917,11.384,9.848,7.612,19.835,8.521,20.184,10.336,119.637
701,31.498,17.181,9.917,47.282,24.864,11.314,21.581,10.755,174.392
702,30.73,10.057,16.203,8.59,20.603,12.292,21.511,10.895,130.881
703,32.407,10.825,10.057,7.752,37.156,10.825,21.441,11.175,141.638
704,32.895,11.035,10.476,7.543,20.114,9.498,20.534,10.895,122.99
705,31.498,10.895,9.987,9.569,20.393,11.594,22.209,10.965,127.11
706,32.896,9.498,10.895,7.752,19.905,9.219,19.905,10.615,120.685
707,31.498,13.27,13.479,11.314,28.216,12.711,27.448,12.431,150.367
708,31.918,10.406,11.035,8.101,22.419,8.661,19.904,13.41,125.854
709,35.759,11.104,9.918,7.962,21.441,9.358,21.023,10.406,126.971
710,32.895,11.105,9.429,8.031,19.626,27.726,24.235,11.524,144.571
711,48.609,23.047,23.467,14.736,32.407,20.044,36.666,19.137,218.113
712,48.679,16.203,15.784,10.267,29.124,13.409,28.984,15.854,178.304
713,42.603,13.689,14.387,10.057,26.749,14.597,27.727,15.574,165.383
714,43.93,15.714,20.603,10.407,26.679,12.851,25.771,14.876,170.831
715,46.583,16.623,15.085,11.105,28.146,14.178,50.215,16.063,197.998
716,41.416,15.225,13.898,12.222,26.47,14.736,28.077,15.365,167.409
717,42.953,15.714,13.339,11.524,26.749,13.2,27.727,16.203,167.409
718,44.628,15.854,12.292,12.362,26.679,15.365,33.384,22.908,183.472
719,44.349,18.648,17.46,11.943,43.65,20.534,43.79,24.863,225.237
720,53.778,24.653,25.213,18.857,66.349,28.076,52.45,21.092,290.468
721,57.41,24.863,28.146,18.927,28.634,13.48,31.009,15.575,218.044
722,41.975,16.622,28.006,11.454,26.609,13.549,27.657,15.645,181.517
723,42.952,16.623,62.926,12.991,29.333,14.597,29.612,15.644,224.678
724,44.279,15.365,14.178,10.616,26.609,13.479,61.321,17.809,203.656
725,48.051,15.854,14.177,11.035,26.679,13.969,29.542,18.438,177.745
726,45.326,15.226,13.898,10.895,26.679,13.41,28.565,15.784,169.783
727,47.981,15.924,13.619,11.104,27.937,14.387,34.292,16.133,181.377
728,46.654,14.876,14.248,10.476,25.701,12.572,26.19,13.759,164.476
729,43.162,15.714,14.317,10.546,26.749,13.27,28.076,15.784,167.618
730,67.187,16.552,13.829,10.755,27.657,13.41,27.587,14.876,191.853
731,44.977,15.156,13.898,11.873,26.33,13.13,25.632,19.416,170.412
732,43.651,14.876,19.974,12.991,31.917,20.952,33.873,21.79,200.024
733,50.774,16.343,15.155,11.035,26.121,13.898,27.238,15.156,175.72
734,40.578,18.508,12.501,9.359,28.914,15.574,28.076,15.435,168.945
735,77.384,16.133,16.762,11.314,28.705,13.13,22.349,13.2,198.977
736,33.314,10.895,11.035,9.568,23.816,11.873,28.704,18.997,148.202
737,37.574,11.314,10.057,8.451,19.416,9.149,20.394,11.104,127.459
738,32.406,12.362,9.149,7.543,20.114,10.895,20.603,9.499,122.571
739,33.803,10.686,10.476,7.962,20.044,9.568,19.975,10.546,123.06
740,37.574,11.384,10.546,8.66,22.349,9.08,22.419,10.965,132.977
741,33.314,10.965,27.867,9.638,19.486,40.577,26.609,12.083,180.539
742,34.85,12.921,10.895,8.101,20.603,9.359,21.441,9.778,127.948
743,30.521,11.035,11.454,11.314,22.558,9.429,22.0,10.406,128.717
744,31.917,12.292,10.057,8.172,20.812,9.01,21.231,10.965,124.456
745,35.758,10.826,10.127,7.193,19.975,10.546,21.371,10.616,126.412
746,33.384,58.946,11.314,9.08,24.304,10.127,20.813,9.708,177.676
747,31.009,9.988,9.987,7.752,18.927,8.73,18.997,9.568,114.958
748,29.612,9.848,9.428,7.613,43.511,10.825,21.092,10.895,142.824
749,33.384,9.638,10.336,7.683,19.555,9.08,19.625,9.917,119.218
750,29.403,10.057,9.428,7.543,17.67,8.59,18.997,10.546,112.234
751,40.507,14.318,14.806,11.524,27.168,12.292,26.33,14.108,161.053
752,44.699,27.098,11.873,10.546,28.076,15.784,31.009,11.873,180.958
753,33.943,10.336,15.086,9.568,26.958,15.296,27.657,13.269,152.113
754,48.05,12.572,11.803,8.101,22.838,9.568,21.442,37.644,172.018
755,40.158,16.134,13.409,11.943,26.679,12.781,31.987,14.387,167.478
756,47.771,15.505,14.806,10.895,26.61,13.688,38.622,17.251,185.148
757,43.511,15.156,13.898,9.149,22.349,12.851,28.914,15.505,161.333
758,43.929,15.156,14.317,10.407,25.841,13.339,30.032,15.784,168.805
759,45.257,15.993,16.273,9.08,26.609,12.362,27.238,16.203,169.015
760,65.79,19.206,14.108,12.501,25.143,14.317,31.499,17.6,200.164
761,44.279,16.762,28.076,13.898,35.2,14.318,31.777,13.898,198.208
762,53.917,18.088,22.419,11.035,31.987,15.156,30.939,15.854,199.395
763,50.635,15.853,17.042,10.546,27.726,13.759,28.565,12.851,176.977
764,34.78,14.667,11.105,8.031,19.835,9.568,20.673,10.616,129.275
765,32.895,11.523,11.385,9.009,48.26,11.873,23.816,11.454,160.215
766,29.053,10.896,10.336,8.102,19.555,8.521,20.184,11.314,117.961
767,28.076,11.035,9.987,9.499,24.304,12.991,27.587,16.133,139.612
768,44.279,14.946,21.999,14.737,30.52,10.616,23.746,13.41,174.253
769,33.384,11.035,10.965,9.917,20.603,9.848,67.885,11.524,175.161
770,35.2,11.384,11.105,8.031,20.603,9.499,26.749,13.2,135.771
771,31.498,10.616,10.756,8.031,21.092,9.429,41.555,15.295,148.272
772,38.273,14.667,10.965,8.73,20.324,9.219,20.812,13.549,136.539
773,45.397,16.273,18.089,13.828,34.292,13.829,28.634,12.013,182.355
774,37.714,12.502,11.314,8.521,20.463,9.848,23.815,10.896,135.073
775,32.476,10.476,10.406,6.216,19.625,9.499,22.349,11.523,122.57
776,31.01,9.847,10.407,8.101,19.835,9.498,19.556,10.476,118.73
777,31.917,10.895,13.759,9.638,27.238,12.292,27.727,13.27,146.736
778,67.117,13.689,15.365,10.895,22.489,10.895,24.374,10.896,175.72
779,31.009,16.552,9.568,8.242,19.904,9.149,18.369,11.942,124.735
780,28.984,9.498,14.737,8.171,20.394,8.241,19.416,9.149,118.59
781,32.476,9.918,9.987,7.263,19.905,8.73,19.346,10.406,118.031
782,32.267,9.428,9.499,8.171,18.997,10.057,19.067,9.987,117.473
783,29.543,9.498,9.987,7.124,19.555,7.613,19.625,9.848,112.793
784,29.822,9.638,9.568,7.543,19.136,9.01,19.625,9.987,114.329
785,30.031,9.638,9.569,7.961,19.207,7.542,51.124,11.873,146.945
786,32.406,10.546,10.057,8.031,19.137,9.079,28.984,14.737,132.977
787,45.257,15.365,13.2,9.568,23.746,11.873,25.492,13.968,158.469
788,42.812,15.784,11.385,11.104,22.279,11.105,21.79,10.686,146.945
789,33.803,12.292,10.546,8.451,20.393,9.149,19.905,11.035,125.574
790,31.987,10.896,10.126,8.032,20.114,9.429,20.114,11.384,122.082
791,34.152,11.245,10.406,8.102,22.419,9.568,20.463,11.035,127.39
792,32.895,10.896,10.546,39.669,25.702,10.965,22.488,12.223,165.384
793,32.895,12.991,10.965,7.961,21.092,10.896,21.022,10.895,128.717
794,32.895,10.895,10.476,7.683,22.768,9.708,24.095,10.965,129.485
795,33.245,11.384,10.546,8.101,19.975,9.638,19.485,10.546,122.92
796,31.917,12.432,10.127,7.961,20.184,10.337,20.882,10.896,124.736
797,75.847,11.454,11.873,8.172,24.234,9.219,20.883,10.546,172.228
798,32.895,10.826,12.85,8.032,22.279,9.149,21.372,10.965,128.368
799,55.873,12.781,9.708,8.52,21.022,9.988,20.952,10.546,149.39
800,32.406,10.895,42.603,9.428,22.978,10.895,21.022,11.384,161.611
801,33.384,11.034,10.407,8.101,20.464,9.568,20.533,10.825,124.316
802,30.311,10.965,9.498,8.101,19.137,9.428,20.115,10.895,118.45
803,31.428,16.622,10.965,8.731,21.79,9.708,21.162,11.034,131.44
804,33.314,11.384,11.594,8.032,20.533,10.895,21.092,10.825,127.669
805,31.987,11.035,9.987,8.032,20.114,9.358,19.067,11.244,120.824
806,50.635,13.269,11.035,8.591,21.93,9.987,21.022,10.965,147.434
807,31.917,16.832,16.482,17.879,35.13,15.156,42.533,18.997,194.926
808,37.225,13.27,12.921,8.59,29.613,13.13,29.124,12.291,156.164
809,32.755,11.384,10.965,9.568,21.861,9.638,21.86,11.524,129.555
810,33.384,10.476,10.616,7.473,20.184,8.94,20.882,12.292,124.247
811,31.498,12.921,10.476,8.101,20.534,9.498,20.114,10.476,123.618
812,31.498,10.616,10.336,8.102,19.625,38.273,23.396,13.27,155.116
813,33.384,10.965,10.896,8.171,20.952,9.568,20.464,12.501,126.901
814,31.498,11.734,10.197,8.101,20.254,9.638,20.393,10.616,122.431
815,30.939,10.895,10.127,8.102,20.463,9.568,23.327,10.546,123.967
816,35.409,11.384,10.756,8.101,20.324,9.917,20.603,10.895,127.389
817,32.895,9.499,10.895,7.752,19.905,9.638,19.067,11.942,121.593
818,31.009,12.711,10.406,8.591,20.254,9.638,20.882,11.105,124.596
819,34.362,11.384,17.181,8.102,23.326,9.569,41.066,15.644,160.634
820,39.809,11.594,11.314,9.568,20.464,10.965,20.463,11.035,135.212
821,31.498,12.781,12.99,8.102,20.463,9.08,20.952,11.035,126.901
822,34.361,10.546,10.546,7.962,19.625,9.01,20.114,10.965,123.129
823,58.177,14.876,11.803,8.591,22.419,11.803,21.301,10.407,159.377
824,78.71,10.896,10.615,8.451,20.184,11.245,20.184,15.155,175.44
825,76.476,13.2,12.99,9.498,22.489,10.895,23.886,39.041,208.475
826,40.717,12.711,12.292,9.08,22.628,11.105,23.676,12.99,145.199
827,36.247,12.502,11.873,9.009,22.419,10.476,23.327,12.501,138.354
828,35.968,12.222,12.012,9.15,22.349,10.476,23.885,12.292,138.354
829,39.53,12.99,12.292,9.079,23.327,10.965,23.816,12.781,144.78
830,38.133,12.292,12.012,9.08,24.793,12.292,23.397,12.85,144.849
831,37.645,12.361,12.013,8.521,22.698,10.895,23.746,12.362,140.241
832,61.041,13.479,12.362,9.01,23.327,10.545,24.794,12.99,167.548
833,33.593,11.245,10.546,7.682,20.394,9.708,23.257,15.714,132.139
834,37.225,12.432,10.895,8.171,20.394,10.546,20.463,10.895,131.021
835,30.8,11.523,10.337,7.682,19.975,9.079,21.511,10.965,121.872
836,31.01,10.895,9.987,7.753,19.904,10.616,20.254,10.197,120.616
837,30.311,9.987,9.917,7.683,21.93,9.079,20.464,10.546,119.917
838,32.406,10.476,10.476,7.752,19.416,10.127,21.79,10.197,122.64
839,30.311,10.755,43.93,9.568,22.419,11.384,21.092,10.407,159.866
840,33.873,10.616,10.406,8.102,19.136,9.359,21.441,9.778,122.711
841,37.225,10.057,9.987,8.032,24.375,12.92,32.965,12.292,147.853
842,35.34,12.292,16.063,8.66,20.184,12.083,23.257,11.035,138.914
843,39.041,12.99,14.667,9.638,26.19,17.67,27.238,11.733,159.167
844,34.222,10.616,11.384,8.032,21.092,9.429,21.58,11.803,128.158
845,39.461,13.828,13.898,10.896,29.961,14.457,53.917,12.921,189.339
846,35.27,11.384,12.501,8.102,23.396,10.407,22.0,10.895,133.955
847,32.895,12.361,10.337,8.101,20.813,12.851,21.441,10.965,129.764
848,31.429,10.965,10.476,8.171,27.168,13.27,28.216,11.384,141.079
849,35.13,11.803,11.314,8.102,20.952,8.591,21.93,11.034,128.856
850,95.402,13.759,10.616,12.292,23.955,11.733,23.886,10.406,202.049
851,30.939,12.083,9.498,8.032,20.533,9.009,20.115,9.987,120.196
852,62.438,11.594,10.755,7.543,24.654,11.803,22.978,10.476,162.241
853,33.873,10.406,10.057,7.683,21.371,9.219,19.905,10.126,122.64
854,29.613,24.584,10.825,9.917,26.26,11.804,27.168,13.06,153.231
855,43.79,19.067,14.876,15.644,23.536,12.153,27.098,12.711,168.875
856,33.873,11.873,10.406,7.822,19.835,9.149,20.952,10.546,124.456
857,40.438,14.457,15.085,10.058,23.745,11.873,21.022,10.896,147.574
858,33.803,10.476,29.542,37.645,23.396,10.476,20.045,10.476,175.859
859,40.368,12.641,15.295,10.965,22.419,9.988,23.396,10.476,145.548
860,30.032,10.685,10.826,9.987,22.908,9.568,23.327,11.803,129.136
861,26.889,10.127,8.101,7.543,18.159,7.612,18.648,9.917,106.996
862,29.542,9.569,9.638,7.542,20.604,12.711,27.307,10.337,127.25
863,30.241,11.105,10.406,8.102,18.647,7.543,20.114,9.499,115.657
864,28.146,9.638,9.01,7.193,18.648,8.939,20.603,13.2,115.377
865,30.939,11.943,9.638,7.054,20.114,9.499,42.323,10.616,142.126
866,31.498,9.987,9.149,7.613,24.863,16.064,38.971,15.295,153.44
867,47.771,15.645,13.828,10.476,26.749,12.432,26.609,14.946,168.456
868,36.666,13.829,11.663,9.009,27.169,12.99,29.962,14.317,155.605
869,50.146,16.203,17.181,10.895,27.587,10.965,38.482,18.019,189.478
870,43.86,13.27,14.876,10.476,34.292,12.013,20.393,10.127,159.307
871,29.612,13.13,9.988,38.971,21.79,9.638,21.372,10.615,155.116
872,35.27,16.273,11.873,9.009,22.908,10.965,21.511,10.755,138.564
873,42.254,16.552,14.946,10.895,25.771,11.873,20.045,9.987,152.323
874,45.257,14.317,14.318,11.803,29.333,9.917,35.34,17.181,177.466
875,89.676,11.594,13.13,7.193,20.115,9.358,23.048,13.619,187.733
876,32.476,10.058,12.222,7.822,20.324,9.149,19.485,9.569,121.105
877,31.498,12.362,9.568,9.568,45.606,10.406,21.232,10.546,150.786
878,32.407,9.987,26.679,8.521,25.282,8.59,23.327,10.546,145.339
879,39.11,10.756,10.406,6.775,17.809,10.057,20.953,9.987,125.853
880,40.438,13.479,12.781,9.01,20.603,9.009,20.603,13.759,139.682
881,36.945,15.016,12.432,10.057,26.749,11.314,27.727,13.27,153.51
882,42.882,15.365,12.222,11.524,26.609,13.06,28.845,14.457,164.964
883,44.0,14.247,13.34,11.454,30.52,37.156,31.917,17.809,200.443
884,40.159,11.035,11.453,7.613,19.625,12.292,20.115,10.406,132.698
885,29.543,8.73,9.917,7.124,19.206,8.87,19.765,9.918,113.073
886,28.845,10.895,9.638,7.193,18.997,9.079,20.953,9.079,114.679
887,28.565,9.917,9.708,7.124,18.997,8.241,18.927,10.127,111.606
888,32.196,9.778,9.498,12.991,25.212,12.432,23.397,10.965,136.469
889,29.543,10.616,9.987,7.613,18.717,8.87,19.276,10.336,114.958
890,32.895,9.987,9.638,7.124,21.441,9.08,19.066,9.498,118.729
891,59.574,10.965,9.638,7.543,21.511,15.156,27.726,15.994,168.107
892,33.663,10.407,9.987,7.752,18.927,8.66,19.067,9.498,117.961
893,31.498,11.873,9.708,7.613,18.997,8.66,19.276,10.546,118.171
894,27.169,9.498,9.359,7.752,18.997,8.59,17.67,12.851,111.886
895,33.872,10.337,10.057,7.752,18.438,8.73,18.927,9.918,118.031
896,29.333,9.568,9.429,8.59,19.136,8.94,20.603,10.895,116.494
897,30.45,10.546,17.111,6.775,21.371,9.149,19.346,9.708,124.456
898,27.867,11.105,9.428,7.613,42.533,14.178,20.114,10.476,143.314
899,29.123,10.616,9.848,7.193,19.137,9.358,18.857,9.359,113.491
900,32.196,11.524,9.568,7.543,18.717,8.591,18.997,9.987,117.123
901,29.124,9.498,9.638,7.124,19.067,9.079,18.997,9.708,112.235
902,30.31,10.267,9.498,7.264,18.508,9.568,19.486,10.057,114.958
903,28.635,9.009,9.499,7.123,20.464,9.079,60.971,10.476,155.256
904,29.892,9.987,9.917,7.264,18.996,8.591,20.463,10.057,115.167
905,28.634,16.134,9.987,7.263,19.416,11.594,17.949,10.685,121.662
906,34.851,11.523,14.667,8.171,19.067,9.498,19.556,9.987,127.32
907,29.543,10.965,9.498,7.613,18.578,9.498,19.206,10.337,115.238
908,27.447,10.546,9.568,7.543,18.718,9.987,19.066,9.988,112.863
909,28.705,11.384,9.219,7.473,18.717,9.499,19.066,10.057,114.12
910,28.425,9.848,9.568,7.263,18.927,8.661,18.996,10.057,111.745
911,29.123,9.918,9.009,6.216,18.089,7.682,17.74,10.337,108.114
912,28.495,10.965,9.917,7.054,19.137,8.59,18.997,10.057,113.212
913,28.634,10.407,9.708,7.542,19.067,8.66,18.997,10.127,113.142
914,49.726,10.477,9.847,7.543,18.787,8.87,19.136,9.499,133.885
915,28.635,9.638,10.895,8.521,18.717,8.59,19.137,10.825,114.958
916,28.984,10.685,9.568,7.473,18.578,8.94,19.834,9.639,113.701
917,29.683,9.847,14.946,7.543,19.625,10.406,19.137,9.987,121.174
918,30.52,11.105,9.917,7.543,18.997,8.939,19.486,9.568,116.075
919,29.612,9.988,9.638,7.054,19.136,8.59,18.997,9.708,112.723
920,27.238,11.803,9.708,8.101,17.391,8.59,23.606,12.991,119.428
921,43.86,12.432,10.406,8.101,22.0,25.283,24.444,10.756,157.282
922,29.473,9.288,10.057,7.404,19.555,8.66,19.416,9.638,113.491
923,28.565,8.59,9.568,7.194,17.53,9.219,18.997,9.568,109.231
924,35.2,9.428,9.219,6.775,18.298,9.568,17.461,9.428,115.377
925,28.076,11.523,9.429,7.124,17.739,6.635,20.603,9.498,110.627
926,28.635,9.149,9.568,6.985,20.672,8.521,18.927,9.009,111.466
927,26.68,9.009,8.59,6.775,17.53,7.124,19.136,12.362,107.206
928,32.895,10.336,9.08,6.844,17.46,8.661,17.18,8.94,111.396
929,25.98,9.15,8.66,7.054,17.181,9.568,18.508,28.146,124.247
930,32.406,9.917,9.987,7.194,18.019,7.682,17.74,8.87,111.815
931,28.355,9.638,9.08,7.054,17.25,9.499,19.136,9.009,109.021
932,26.191,10.476,8.73,7.124,16.622,8.66,17.6,8.59,103.993
933,24.654,8.73,8.87,6.634,17.111,8.521,18.438,9.568,102.526
934,27.726,8.94,9.638,6.705,18.508,8.241,18.927,9.149,107.834
935,28.635,10.336,9.569,46.164,19.765,10.127,19.416,9.638,153.65
936,29.123,9.988,14.736,7.682,19.486,9.638,19.416,9.708,119.777
937,28.704,9.848,8.939,7.194,18.857,9.009,35.27,10.546,128.367
938,31.079,11.384,9.638,7.543,18.158,8.591,18.996,9.708,115.097
939,28.705,9.359,9.707,6.775,18.298,8.591,18.158,9.499,109.092
940,29.543,10.057,9.009,7.054,18.648,8.59,18.718,8.52,110.139
941,30.52,10.127,9.429,7.053,18.858,8.38,18.997,9.987,113.351
942,29.613,9.428,9.219,7.124,17.041,7.264,18.997,9.568,108.254
943,28.146,10.825,9.079,7.264,18.438,9.638,18.508,9.917,111.815
944,29.822,11.034,9.848,7.194,18.647,9.01,19.066,9.499,114.12
945,28.635,10.127,9.358,7.194,18.648,8.52,18.787,9.778,111.047
946,31.778,11.873,9.498,7.264,18.927,7.682,19.556,9.498,116.076
947,28.076,10.965,9.499,7.123,18.578,8.59,18.229,9.847,110.907
948,34.152,9.638,9.009,6.146,18.229,8.52,18.648,9.498,113.84
949,28.705,9.498,9.149,7.124,18.578,8.171,19.905,9.638,110.768
950,28.215,9.778,9.009,7.194,19.067,8.52,18.787,9.848,110.418
951,28.565,9.638,9.499,5.657,17.32,9.359,20.673,9.848,110.559
952,31.498,9.638,9.01,7.473,18.088,8.521,18.857,9.708,112.793
953,28.635,9.917,9.079,7.264,20.393,8.241,18.927,9.638,112.094
954,44.209,9.568,8.73,6.566,17.46,9.079,18.787,10.616,125.015
955,29.124,9.917,9.079,7.683,18.019,9.708,17.949,8.66,110.139
956,28.146,16.553,22.069,7.962,19.975,8.939,22.349,9.569,135.562
957,28.635,9.498,9.219,7.543,18.089,9.568,19.486,9.638,111.676
958,28.215,10.895,9.15,7.682,19.416,9.708,18.787,9.498,113.351
959,31.01,9.917,9.01,7.193,19.067,9.009,20.114,9.918,115.238
960,27.099,9.149,9.847,6.705,19.136,8.521,18.787,9.359,108.603
961,28.355,9.987,9.219,7.054,18.578,8.171,18.508,11.105,110.977
962,50.145,12.851,10.476,7.613,20.463,8.591,19.066,9.499,138.704
963,28.356,9.219,10.406,7.124,18.647,9.499,21.022,10.476,114.749
964,29.123,10.616,9.429,7.123,19.695,9.848,22.559,12.222,120.615
965,47.631,10.826,11.035,7.612,19.486,8.66,18.997,9.638,133.885
966,31.987,10.895,13.479,8.451,22.559,13.199,30.521,9.428,140.519
967,75.428,11.803,10.127,7.613,19.974,9.638,19.416,16.762,170.761
968,35.758,11.105,22.14,8.171,20.184,9.149,22.349,9.568,138.424
969,37.155,11.873,10.127,7.612,19.486,8.66,20.394,10.127,125.434
970,29.822,12.711,9.499,7.752,18.438,8.241,20.394,10.057,116.914
971,28.146,9.918,9.009,7.264,18.019,11.034,19.486,9.568,112.444
972,27.867,9.568,9.359,7.124,19.625,8.521,18.228,9.498,109.79
973,38.133,12.013,12.781,11.524,22.838,12.501,25.702,12.85,148.342
974,43.371,18.158,12.362,10.127,29.543,15.644,27.727,10.406,167.338
975,30.032,14.178,23.955,12.781,29.473,16.203,51.682,15.854,194.158
976,52.521,16.133,13.968,11.314,28.146,15.365,38.413,14.108,189.968
977,44.419,18.997,15.784,14.247,28.565,15.854,32.895,17.6,188.361
978,51.473,14.946,13.688,10.127,24.165,12.502,27.727,13.269,167.897
979,38.762,14.597,12.013,8.66,26.19,11.873,27.587,15.156,154.838
980,45.397,13.689,12.99,9.499,23.815,10.965,26.191,12.431,154.977
981,66.0,16.901,11.594,8.101,21.442,9.498,20.044,10.476,164.056
982,31.009,11.035,9.429,8.101,18.648,9.987,19.136,9.848,117.193
983,30.73,9.638,9.149,7.473,20.533,8.59,18.648,9.428,114.189
984,28.635,9.987,9.638,7.054,18.717,8.591,18.926,9.708,111.256
985,28.495,11.245,9.987,7.263,17.949,8.172,18.578,9.498,111.187
986,29.054,9.498,9.499,5.727,18.158,9.499,18.717,9.428,109.58
987,30.032,9.707,9.918,6.984,18.159,11.453,19.556,8.59,114.399
988,25.422,9.847,9.219,7.543,18.578,8.66,19.905,32.476,131.65
989,31.917,16.483,10.895,11.035,20.673,13.479,24.305,10.476,139.263
990,28.635,9.987,9.638,7.124,18.648,8.59,20.952,9.08,112.654
991,26.399,8.87,9.01,8.171,21.162,9.079,20.463,10.058,113.212
992,25.701,10.476,9.01,7.193,17.181,8.032,27.657,12.013,117.263
993,35.688,11.803,13.34,9.848,23.885,9.918,18.647,50.914,174.043
994,36.806,12.781,12.921,9.079,21.93,13.34,22.488,12.223,141.568
995,43.022,15.644,21.93,10.965,49.098,11.943,28.565,15.365,196.532
996,42.254,10.546,10.266,7.613,16.273,13.27,26.26,12.851,139.333
997,32.406,9.498,9.01,6.355,18.508,12.502,19.415,8.102,115.796
998,30.73,10.336,9.429,7.194,18.647,8.521,19.136,9.429,113.422
999,29.054,10.616,9.428,7.124,18.717,9.429,20.673,9.358,114.399
1000,32.266,10.057,8.94,7.054,19.136,9.498,20.115,11.873,118.939
